message_id,channel_name,detected_class,confidence,bbox_x1,bbox_y1,bbox_x2,bbox_y2
11,CheMed123,clock,0.4272936284542084,14.79415512084961,68.83802795410156,1017.0598754882812,1015.8034057617188
13,CheMed123,hot dog,0.5038546919822693,525.9769287109375,634.03759765625,640.9716796875,752.583984375
13,CheMed123,donut,0.39899754524230957,591.7051391601562,588.3563232421875,700.2650756835938,706.5772705078125
13,CheMed123,hot dog,0.3097327649593353,298.99737548828125,615.65869140625,401.0133056640625,716.1962890625
13,CheMed123,donut,0.2969222366809845,483.271728515625,559.5343017578125,580.877685546875,645.15478515625
13,CheMed123,hot dog,0.26365914940834045,470.69189453125,687.9140014648438,582.2236328125,789.9092407226562
13,CheMed123,hot dog,0.250239759683609,482.82623291015625,559.193359375,581.6253051757812,644.184814453125
17,CheMed123,bottle,0.5259650349617004,399.20867919921875,509.6058349609375,445.15252685546875,607.4102783203125
17,CheMed123,bottle,0.49454933404922485,501.37841796875,451.9906005859375,542.0057373046875,548.2236328125
17,CheMed123,bottle,0.4317871928215027,466.9656982421875,586.1439208984375,507.9967041015625,657.5914306640625
17,CheMed123,bottle,0.3873794972896576,574.7398681640625,374.265625,605.7822265625,462.2757568359375
17,CheMed123,bottle,0.38497117161750793,494.150634765625,577.7921142578125,536.541015625,673.1878662109375
17,CheMed123,bottle,0.3799237012863159,435.9056396484375,531.8917236328125,482.854736328125,636.8275146484375
17,CheMed123,bottle,0.374876469373703,376.343017578125,287.2034912109375,446.0543212890625,484.5555419921875
17,CheMed123,bottle,0.3264196515083313,633.582275390625,510.8115234375,666.484375,594.7371826171875
17,CheMed123,bottle,0.2848581373691559,585.3197021484375,525.00390625,614.3363037109375,597.0908203125
17,CheMed123,bottle,0.27928799390792847,610.6633911132812,513.0506591796875,638.2064819335938,605.114501953125
17,CheMed123,bottle,0.27187925577163696,601.27880859375,390.3765869140625,631.686767578125,446.43408203125
19,CheMed123,person,0.9401442408561707,676.1405029296875,428.8314208984375,1181.8526611328125,876.30322265625
19,CheMed123,person,0.9276632070541382,62.58905029296875,381.7171325683594,569.59912109375,865.6168212890625
19,CheMed123,dining table,0.3616376519203186,7.201904296875,816.9187622070312,1164.156982421875,959.2965698242188
19,CheMed123,dining table,0.32224997878074646,7.536865234375,738.8099365234375,1277.37548828125,959.5399169921875
2,CheMed123,bottle,0.38718265295028687,384.7618103027344,356.5800476074219,547.1652221679688,648.5347900390625
20,CheMed123,person,0.9401442408561707,676.1405029296875,428.8314208984375,1181.8526611328125,876.30322265625
20,CheMed123,person,0.9276632070541382,62.58905029296875,381.7171325683594,569.59912109375,865.6168212890625
20,CheMed123,dining table,0.3616376519203186,7.201904296875,816.9187622070312,1164.156982421875,959.2965698242188
20,CheMed123,dining table,0.32224997878074646,7.536865234375,738.8099365234375,1277.37548828125,959.5399169921875
21,CheMed123,bird,0.25255754590034485,688.147705078125,362.201416015625,786.7785034179688,377.78216552734375
22,CheMed123,stop sign,0.27750536799430847,93.78785705566406,142.75770568847656,251.88888549804688,300.2390441894531
23,CheMed123,cell phone,0.610697865486145,484.6922302246094,281.57470703125,707.8577880859375,595.732666015625
25,CheMed123,cell phone,0.8613103628158569,466.7837219238281,160.03712463378906,777.9821166992188,626.2454833984375
25,CheMed123,person,0.6283650398254395,313.8814392089844,467.9715270996094,862.454345703125,788.0
26,CheMed123,person,0.8275559544563293,1.714111328125,113.360107421875,530.21923828125,687.9202880859375
26,CheMed123,cup,0.4267362058162689,719.4786376953125,4.8861083984375,1275.591064453125,727.99267578125
26,CheMed123,book,0.31771397590637207,20.84246826171875,282.38116455078125,997.355712890625,786.1792602539062
26,CheMed123,book,0.31305059790611267,16.299835205078125,272.3961181640625,1015.41357421875,1006.3074951171875
29,CheMed123,person,0.6185224652290344,6.02618408203125,60.858551025390625,616.0000610351562,1041.5972900390625
29,CheMed123,surfboard,0.5944799780845642,5.8128662109375,548.3811645507812,617.3494873046875,1004.6292114257812
29,CheMed123,person,0.527970552444458,0.0,62.6640625,435.18463134765625,994.8017578125
29,CheMed123,person,0.2781943380832672,99.4822998046875,541.57763671875,619.0364990234375,1061.1553955078125
30,CheMed123,person,0.4139041602611542,197.50465393066406,105.68079376220703,391.5433044433594,769.7408447265625
31,CheMed123,bottle,0.5125073790550232,399.11383056640625,509.35516357421875,445.13507080078125,607.5486450195312
31,CheMed123,bottle,0.4973132312297821,501.326171875,452.0557861328125,542.082763671875,548.573974609375
31,CheMed123,bottle,0.43496695160865784,466.9771423339844,586.0543823242188,507.9351806640625,657.8576049804688
31,CheMed123,bottle,0.3880819082260132,435.7362976074219,530.316162109375,483.3214416503906,636.662353515625
31,CheMed123,bottle,0.3880271315574646,494.27728271484375,577.9761962890625,536.5746459960938,673.2564697265625
31,CheMed123,bottle,0.38319599628448486,574.7122802734375,374.29449462890625,605.7337646484375,462.2900390625
31,CheMed123,bottle,0.37693241238594055,376.58746337890625,287.26513671875,446.08209228515625,484.90576171875
31,CheMed123,bottle,0.3327511250972748,633.555908203125,510.85430908203125,666.5147705078125,594.4384155273438
31,CheMed123,bottle,0.2785998582839966,585.3167724609375,522.6112060546875,614.4359130859375,597.0570068359375
31,CheMed123,bottle,0.2762432098388672,610.6110229492188,513.413818359375,638.1526489257812,604.94384765625
31,CheMed123,bottle,0.2743058502674103,601.2158813476562,390.3651428222656,631.6747436523438,446.5225524902344
32,CheMed123,person,0.5881935954093933,485.5169677734375,687.699951171875,539.6732177734375,845.5115966796875
33,CheMed123,orange,0.6712222695350647,747.03125,601.203857421875,973.5146484375,787.793212890625
33,CheMed123,orange,0.5760772228240967,758.354736328125,645.7760620117188,1172.245849609375,913.4380493164062
33,CheMed123,book,0.27159297466278076,319.760009765625,352.50262451171875,997.8533935546875,898.5756225585938
39,CheMed123,mouse,0.9113696217536926,256.510498046875,373.13543701171875,401.0428466796875,538.3941040039062
39,CheMed123,mouse,0.9018739461898804,475.076171875,484.85382080078125,672.2099609375,621.2550659179688
39,CheMed123,mouse,0.8929608464241028,441.95660400390625,147.57998657226562,590.3256225585938,296.4864196777344
39,CheMed123,mouse,0.6237649917602539,145.28128051757812,171.5953369140625,319.72918701171875,301.8233947753906
39,CheMed123,mouse,0.5940202474594116,476.3733825683594,296.9969482421875,673.1160888671875,423.7164306640625
39,CheMed123,mouse,0.5546790957450867,256.63226318359375,247.44876098632812,436.0953369140625,389.7943420410156
39,CheMed123,mouse,0.5261478424072266,0.0,329.031494140625,214.93222045898438,419.9832763671875
39,CheMed123,mouse,0.41445061564445496,810.820068359375,470.4910888671875,972.3828125,638.7969970703125
40,CheMed123,person,0.7191462516784668,299.2171630859375,282.6399230957031,541.6200561523438,525.0164794921875
40,CheMed123,person,0.6743711233139038,1139.336669921875,180.20272827148438,1199.7376708984375,614.7714233398438
40,CheMed123,person,0.6338376402854919,485.3212585449219,240.3676300048828,621.814453125,522.0888061523438
40,CheMed123,person,0.5978044271469116,752.9002075195312,230.39662170410156,854.8645629882812,520.9531860351562
40,CheMed123,person,0.5868255496025085,588.70947265625,272.3173522949219,776.5820922851562,522.2628173828125
40,CheMed123,person,0.5125870704650879,663.4808959960938,233.4091033935547,787.4047241210938,517.2244262695312
40,CheMed123,person,0.45207592844963074,808.9103393554688,230.2812042236328,923.0947265625,523.4376220703125
40,CheMed123,person,0.43699124455451965,589.48095703125,269.92364501953125,718.4264526367188,522.1331787109375
40,CheMed123,person,0.3316478729248047,755.0569458007812,230.3983917236328,920.1503295898438,520.2927856445312
40,CheMed123,person,0.33127015829086304,187.70494079589844,261.2433166503906,324.2487487792969,466.8729248046875
41,CheMed123,person,0.4210361838340759,262.67724609375,679.4263916015625,377.2047424316406,875.0407104492188
43,CheMed123,person,0.8564761877059937,181.0281524658203,2.7624778747558594,1076.04736328125,904.2044677734375
43,CheMed123,chair,0.2936415374279022,0.3379325866699219,22.686338424682617,307.6004638671875,765.8426513671875
44,CheMed123,cell phone,0.9386716485023499,487.5592041015625,57.51190185546875,880.1859130859375,545.8300170898438
44,CheMed123,person,0.8479923009872437,2.32232666015625,159.7030029296875,879.6918334960938,708.8868408203125
45,CheMed123,scissors,0.6319935321807861,17.53520965576172,251.6578826904297,505.39971923828125,664.125
46,CheMed123,person,0.8272138833999634,485.645263671875,374.0501708984375,950.44873046875,899.4799194335938
46,CheMed123,person,0.47488096356391907,992.1680908203125,566.3311157226562,1033.9658203125,740.749267578125
46,CheMed123,tv,0.3886367678642273,598.8029174804688,67.78385925292969,1051.3446044921875,924.3565673828125
49,CheMed123,kite,0.6801514625549316,248.67620849609375,447.62255859375,303.6119689941406,488.8836975097656
49,CheMed123,kite,0.40330350399017334,242.48802185058594,318.3312683105469,307.934326171875,341.7966003417969
49,CheMed123,kite,0.34492671489715576,2.832554340362549,332.4726257324219,114.38735961914062,477.7463073730469
49,CheMed123,frisbee,0.32522204518318176,126.43743896484375,715.5932006835938,202.5631103515625,754.5721435546875
50,CheMed123,cake,0.29161056876182556,513.4892578125,518.3392333984375,1074.2947998046875,1034.361328125
52,CheMed123,person,0.7039297223091125,577.4515991210938,405.6048583984375,662.486572265625,505.02423095703125
52,CheMed123,person,0.6460769772529602,828.9760131835938,422.8565673828125,983.486328125,821.4569702148438
52,CheMed123,horse,0.6252716183662415,575.519287109375,417.2179870605469,795.9912109375,797.5957641601562
52,CheMed123,person,0.513064980506897,953.3167724609375,374.2065734863281,1076.9554443359375,820.89111328125
52,CheMed123,person,0.4309833347797394,573.5446166992188,381.7247619628906,615.634765625,465.8196716308594
52,CheMed123,person,0.3347775638103485,573.5570068359375,381.7664489746094,614.2238159179688,501.1987609863281
53,CheMed123,person,0.573768675327301,485.3945617675781,687.7757568359375,539.300537109375,845.6712646484375
55,CheMed123,stop sign,0.3071293234825134,807.690185546875,737.2232666015625,991.7883911132812,986.2695922851562
56,CheMed123,person,0.8329588770866394,344.2172546386719,267.6043395996094,1280.0,1277.7755126953125
58,CheMed123,bottle,0.41152629256248474,384.7237548828125,356.4447021484375,547.2579345703125,647.9409790039062
59,CheMed123,bottle,0.28661638498306274,49.023963928222656,188.97332763671875,457.7779541015625,887.6338500976562
64,CheMed123,person,0.6864548325538635,0.0,576.7913818359375,529.49267578125,1079.6634521484375
64,CheMed123,person,0.4401927888393402,0.0,575.5032958984375,1038.802734375,1076.7369384765625
64,CheMed123,banana,0.28093573451042175,124.10365295410156,518.667236328125,699.0769653320312,773.249755859375
64,CheMed123,remote,0.25620216131210327,191.20809936523438,810.5112915039062,713.7333374023438,1080.0
67,CheMed123,stop sign,0.5792272090911865,74.1850357055664,832.4631958007812,241.32785034179688,1059.7242431640625
67,CheMed123,book,0.2841630280017853,4.356662750244141,0.0,1069.019287109375,989.181396484375
70,CheMed123,potted plant,0.924700140953064,474.62786865234375,529.39599609375,720.0,901.24755859375
70,CheMed123,person,0.844322144985199,238.23062133789062,185.2535858154297,538.434814453125,1089.0694580078125
70,CheMed123,book,0.4226498603820801,0.0,662.24267578125,366.9469299316406,1262.39453125
71,CheMed123,person,0.8835617899894714,166.89781188964844,330.1937255859375,408.7783203125,1076.5853271484375
71,CheMed123,person,0.8042728900909424,22.486190795898438,442.3209533691406,88.87457275390625,589.5172119140625
75,CheMed123,person,0.8353005647659302,635.1795654296875,378.71099853515625,1080.0,1080.0
76,CheMed123,person,0.8694229125976562,121.84722900390625,221.114013671875,576.2513427734375,1270.607666015625
76,CheMed123,chair,0.2723304033279419,83.0765380859375,259.8891296386719,645.62939453125,1226.369140625
76,CheMed123,chair,0.25177425146102905,66.08721923828125,647.00244140625,605.3284301757812,1214.6981201171875
77,CheMed123,bottle,0.9558238387107849,82.44926452636719,275.51043701171875,334.1483154296875,841.7777099609375
77,CheMed123,bottle,0.9073092341423035,536.7312622070312,325.421142578125,767.215087890625,799.6616821289062
77,CheMed123,bottle,0.8960538506507874,760.3778686523438,353.32720947265625,943.8693237304688,777.1831665039062
77,CheMed123,bottle,0.8936647772789001,316.6771240234375,329.4427795410156,548.5354614257812,827.1810913085938
78,CheMed123,person,0.7698584198951721,0.8941497802734375,674.144287109375,512.532958984375,1275.9305419921875
78,CheMed123,person,0.35558605194091797,415.9835205078125,754.560791015625,891.8367919921875,1131.562255859375
80,CheMed123,person,0.9279417395591736,60.298744201660156,164.3067626953125,539.6845092773438,1012.6633911132812
80,CheMed123,bottle,0.7433301210403442,21.481231689453125,30.023731231689453,143.09576416015625,303.62493896484375
80,CheMed123,chair,0.5636420845985413,683.871826171875,478.2539978027344,718.8048095703125,599.0213623046875
81,CheMed123,bottle,0.8817965388298035,442.1737060546875,562.445068359375,676.9397583007812,1031.832763671875
81,CheMed123,bottle,0.8326680660247803,54.47522735595703,637.4456176757812,246.93006896972656,1004.6473388671875
81,CheMed123,bottle,0.8216720223426819,665.3165283203125,609.9972534179688,879.6115112304688,1030.7125244140625
81,CheMed123,bottle,0.8041247725486755,237.7605438232422,613.1653442382812,450.5249938964844,1022.7279052734375
81,CheMed123,bottle,0.7617482542991638,873.8508911132812,633.41357421875,1036.884033203125,1001.6636962890625
82,CheMed123,bottle,0.8991732001304626,626.5706787109375,469.8558044433594,773.3643188476562,768.5934448242188
82,CheMed123,bottle,0.8424995541572571,451.5313415527344,413.9523010253906,634.8717651367188,770.5623168945312
82,CheMed123,bottle,0.7403751611709595,298.9355163574219,468.935791015625,457.7554931640625,768.52783203125
82,CheMed123,apple,0.4784528613090515,790.0106811523438,930.9149780273438,892.404541015625,1033.550048828125
86,CheMed123,person,0.9013165235519409,0.09990692138671875,235.470703125,643.8074340820312,1063.6739501953125
86,CheMed123,refrigerator,0.3570445477962494,260.732177734375,123.1352767944336,1076.3843994140625,1061.144775390625
87,CheMed123,parking meter,0.27856072783470154,644.1796264648438,315.8372802734375,994.8895874023438,996.8316040039062
9,CheMed123,bottle,0.38718265295028687,384.7618103027344,356.5800476074219,547.1652221679688,648.5347900390625
90,CheMed123,book,0.30779942870140076,54.07358932495117,391.2795715332031,644.1131591796875,927.4033813476562
93,CheMed123,person,0.9076734185218811,7.752674102783203,267.64862060546875,608.3386840820312,1078.6270751953125
94,CheMed123,cup,0.7408691048622131,862.4884033203125,554.152587890625,1009.9879150390625,828.8713989257812
94,CheMed123,person,0.475845068693161,0.057549476623535156,626.4241943359375,392.9208679199219,866.924072265625
94,CheMed123,cup,0.3855976164340973,705.7948608398438,550.2381591796875,854.4796142578125,827.2327270507812
95,CheMed123,person,0.868440568447113,8.442237854003906,258.6382751464844,704.34716796875,1077.8212890625
95,CheMed123,person,0.49181684851646423,5.016460418701172,76.6249008178711,1064.9384765625,1077.4718017578125
96,CheMed123,cup,0.3260035216808319,495.1726989746094,654.26953125,593.0410766601562,753.1270751953125
26442,lobelia4cosmetics,bottle,0.3352726697921753,2.4143600463867188,124.33849334716797,35.383201599121094,265.4906005859375
26442,lobelia4cosmetics,bottle,0.2959882616996765,925.340576171875,391.654541015625,959.63037109375,515.1318359375
26443,lobelia4cosmetics,bottle,0.4822954833507538,707.708984375,18.83819580078125,751.4788818359375,130.21678161621094
26443,lobelia4cosmetics,bottle,0.47251272201538086,178.45977783203125,49.773681640625,742.9505004882812,1216.319580078125
26443,lobelia4cosmetics,bottle,0.43178790807724,114.98827362060547,375.00885009765625,163.85064697265625,520.0479736328125
26443,lobelia4cosmetics,bottle,0.27132710814476013,754.4447631835938,21.62164306640625,812.7527465820312,134.6005859375
26444,lobelia4cosmetics,bottle,0.5668651461601257,701.0379638671875,11.5916748046875,747.2423095703125,121.75630187988281
26444,lobelia4cosmetics,bottle,0.37785661220550537,90.81771850585938,345.4354248046875,145.03848266601562,489.43115234375
26444,lobelia4cosmetics,bottle,0.2698684334754944,0.10836410522460938,333.3031005859375,43.50867462158203,499.2672119140625
26444,lobelia4cosmetics,bottle,0.2639971971511841,666.5106811523438,23.403457641601562,708.0790405273438,117.63008117675781
26444,lobelia4cosmetics,bottle,0.25665321946144104,747.5119018554688,16.208465576171875,807.6665649414062,125.92955017089844
26447,lobelia4cosmetics,bottle,0.7439771294593811,266.73760986328125,95.48483276367188,427.2283020019531,533.5405883789062
26448,lobelia4cosmetics,bottle,0.47497889399528503,395.4141540527344,206.40689086914062,773.2745361328125,1006.6614990234375
26448,lobelia4cosmetics,book,0.2567864954471588,9.60382080078125,1151.505615234375,843.3164672851562,1272.713623046875
26449,lobelia4cosmetics,person,0.6775979995727539,433.271728515625,94.09092712402344,602.7689819335938,356.2571716308594
26449,lobelia4cosmetics,stop sign,0.2887904644012451,118.91364288330078,158.5073699951172,498.2436828613281,518.40771484375
26452,lobelia4cosmetics,cup,0.3540230989456177,50.65874099731445,7.813070774078369,305.46197509765625,507.5008850097656
26453,lobelia4cosmetics,bottle,0.8124322891235352,690.766845703125,754.092529296875,1341.341064453125,2017.189208984375
26454,lobelia4cosmetics,clock,0.27083978056907654,125.29449462890625,31.322250366210938,689.9140014648438,784.9113159179688
26455,lobelia4cosmetics,fork,0.8577804565429688,367.401123046875,747.6116333007812,643.4999389648438,975.0227661132812
26455,lobelia4cosmetics,cup,0.49490147829055786,243.9123992919922,447.5269775390625,556.2078247070312,704.5070190429688
26455,lobelia4cosmetics,knife,0.4440270960330963,430.9764709472656,799.9642944335938,712.3184814453125,982.8504028320312
26456,lobelia4cosmetics,bottle,0.4262688159942627,321.3703308105469,14.9600830078125,955.864501953125,1252.321044921875
26460,lobelia4cosmetics,bottle,0.9058476090431213,490.2796936035156,299.176025390625,783.4031982421875,1126.25732421875
26461,lobelia4cosmetics,bottle,0.8999842405319214,269.4869384765625,291.7269592285156,608.7156982421875,980.0228271484375
26462,lobelia4cosmetics,bottle,0.669510006904602,352.197998046875,221.3321533203125,716.599609375,1097.9608154296875
26462,lobelia4cosmetics,vase,0.6104034185409546,352.219970703125,231.3671875,716.89208984375,1088.046875
26463,lobelia4cosmetics,cup,0.7179240584373474,255.8875732421875,660.9248046875,539.6890869140625,892.59130859375
26463,lobelia4cosmetics,cup,0.38508638739585876,539.282958984375,780.0889892578125,988.147705078125,1138.97216796875
26463,lobelia4cosmetics,book,0.29399362206459045,97.92221069335938,1084.13916015625,899.1966552734375,1279.63818359375
26465,lobelia4cosmetics,book,0.2522209882736206,29.193218231201172,17.369062423706055,421.3279113769531,398.4606628417969
26466,lobelia4cosmetics,bottle,0.47497889399528503,395.4141540527344,206.40689086914062,773.2745361328125,1006.6614990234375
26466,lobelia4cosmetics,book,0.2567864954471588,9.60382080078125,1151.505615234375,843.3164672851562,1272.713623046875
26468,lobelia4cosmetics,fork,0.8577804565429688,367.401123046875,747.6116333007812,643.4999389648438,975.0227661132812
26468,lobelia4cosmetics,cup,0.49490147829055786,243.9123992919922,447.5269775390625,556.2078247070312,704.5070190429688
26468,lobelia4cosmetics,knife,0.4440270960330963,430.9764709472656,799.9642944335938,712.3184814453125,982.8504028320312
26471,lobelia4cosmetics,person,0.6775979995727539,433.271728515625,94.09092712402344,602.7689819335938,356.2571716308594
26471,lobelia4cosmetics,stop sign,0.2887904644012451,118.91364288330078,158.5073699951172,498.2436828613281,518.40771484375
26473,lobelia4cosmetics,sports ball,0.3680322468280792,241.0848388671875,193.33123779296875,284.43206787109375,236.75033569335938
26473,lobelia4cosmetics,sports ball,0.2993013560771942,98.15361022949219,385.38006591796875,159.18467712402344,447.1051025390625
26475,lobelia4cosmetics,clock,0.27083978056907654,125.29449462890625,31.322250366210938,689.9140014648438,784.9113159179688
26477,lobelia4cosmetics,bottle,0.2724870443344116,257.4488525390625,17.8671875,769.9320068359375,1137.7542724609375
26479,lobelia4cosmetics,bottle,0.4262688159942627,321.3703308105469,14.9600830078125,955.864501953125,1252.321044921875
26481,lobelia4cosmetics,bottle,0.861930787563324,587.351806640625,279.031982421875,1464.307373046875,2324.48681640625
26483,lobelia4cosmetics,bottle,0.2724870443344116,257.4488525390625,17.8671875,769.9320068359375,1137.7542724609375
26484,lobelia4cosmetics,cell phone,0.31958022713661194,97.504150390625,147.2822265625,798.3117065429688,1245.9461669921875
26485,lobelia4cosmetics,book,0.33817756175994873,61.79595947265625,926.222900390625,916.2858276367188,1278.760986328125
26485,lobelia4cosmetics,cup,0.2885853052139282,33.3370361328125,208.11013793945312,949.57080078125,985.732666015625
26486,lobelia4cosmetics,bottle,0.5097295641899109,689.720947265625,0.2459716796875,736.990478515625,93.40308380126953
26486,lobelia4cosmetics,bottle,0.5074439644813538,783.598876953125,0.0482940673828125,826.23046875,91.72755432128906
26486,lobelia4cosmetics,dining table,0.4608907401561737,2.0806884765625,772.5469360351562,960.0,1279.271484375
26486,lobelia4cosmetics,bottle,0.423902690410614,648.9219360351562,0.5999069213867188,689.9605102539062,95.6590347290039
26486,lobelia4cosmetics,bottle,0.42066624760627747,888.2030029296875,160.43667602539062,937.0675048828125,267.00714111328125
26486,lobelia4cosmetics,cup,0.368380069732666,260.9886474609375,857.202392578125,554.4838256835938,1167.5164794921875
26486,lobelia4cosmetics,bottle,0.33850017189979553,888.970947265625,334.83660888671875,935.8017578125,436.97943115234375
26486,lobelia4cosmetics,bottle,0.32597285509109497,931.8386840820312,302.584228515625,959.7600708007812,440.9925537109375
26486,lobelia4cosmetics,bottle,0.3151760697364807,733.2954711914062,0.485107421875,784.5596313476562,95.58830261230469
26486,lobelia4cosmetics,bottle,0.31241104006767273,879.3026123046875,0.29508209228515625,941.33203125,96.66844940185547
26486,lobelia4cosmetics,bottle,0.2992859482765198,7.249412536621094,58.50520324707031,51.397804260253906,195.10513305664062
26486,lobelia4cosmetics,bottle,0.29021596908569336,849.2608642578125,161.43923950195312,889.9561767578125,270.02337646484375
26487,lobelia4cosmetics,person,0.31169021129608154,399.14056396484375,680.0504760742188,494.915283203125,997.1284790039062
26488,lobelia4cosmetics,cup,0.4485996961593628,145.890625,201.05712890625,737.6036376953125,1080.790771484375
26488,lobelia4cosmetics,bottle,0.28690388798713684,23.0037841796875,282.95947265625,726.1163330078125,1278.955810546875
26489,lobelia4cosmetics,fork,0.8577804565429688,367.401123046875,747.6116333007812,643.4999389648438,975.0227661132812
26489,lobelia4cosmetics,cup,0.49490147829055786,243.9123992919922,447.5269775390625,556.2078247070312,704.5070190429688
26489,lobelia4cosmetics,knife,0.4440270960330963,430.9764709472656,799.9642944335938,712.3184814453125,982.8504028320312
26490,lobelia4cosmetics,book,0.29323312640190125,0.0,141.02740478515625,45.24971008300781,269.43292236328125
26490,lobelia4cosmetics,bottle,0.28239497542381287,946.8756103515625,86.64578247070312,989.5758056640625,173.36929321289062
26490,lobelia4cosmetics,refrigerator,0.275532066822052,179.91400146484375,107.518310546875,874.5917358398438,1273.59423828125
26490,lobelia4cosmetics,bottle,0.26941102743148804,1034.399169921875,49.34714126586914,1086.67724609375,165.60018920898438
26491,lobelia4cosmetics,refrigerator,0.38142117857933044,56.02351760864258,28.060911178588867,801.1201171875,1121.6783447265625
26492,lobelia4cosmetics,person,0.6775979995727539,433.271728515625,94.09092712402344,602.7689819335938,356.2571716308594
26492,lobelia4cosmetics,stop sign,0.2887904644012451,118.91364288330078,158.5073699951172,498.2436828613281,518.40771484375
26494,lobelia4cosmetics,clock,0.27083978056907654,125.29449462890625,31.322250366210938,689.9140014648438,784.9113159179688
26496,lobelia4cosmetics,bottle,0.861930787563324,587.351806640625,279.031982421875,1464.307373046875,2324.48681640625
26499,lobelia4cosmetics,bottle,0.9345337152481079,565.5836181640625,475.6349792480469,791.802734375,1082.5517578125
26499,lobelia4cosmetics,person,0.7855194211006165,286.49871826171875,841.908447265625,394.34521484375,969.21875
26499,lobelia4cosmetics,person,0.6678858995437622,371.218505859375,808.57421875,456.2032470703125,967.759521484375
26499,lobelia4cosmetics,orange,0.4590839147567749,786.1533203125,702.760498046875,894.642822265625,842.261474609375
26499,lobelia4cosmetics,orange,0.36606255173683167,796.0092163085938,428.01513671875,919.0494995117188,534.897216796875
26499,lobelia4cosmetics,person,0.35414522886276245,440.91204833984375,801.6602783203125,520.2053833007812,953.5745849609375
26499,lobelia4cosmetics,orange,0.35254785418510437,798.986572265625,587.579833984375,922.939208984375,692.5419921875
26500,lobelia4cosmetics,person,0.8004418611526489,488.208984375,496.9163818359375,680.0816650390625,838.2071533203125
26501,lobelia4cosmetics,bottle,0.8742003440856934,244.28225708007812,39.9254150390625,800.59228515625,1234.4244384765625
26501,lobelia4cosmetics,dining table,0.3456086218357086,0.50775146484375,953.5732421875,924.8082885742188,1278.644287109375
26501,lobelia4cosmetics,bottle,0.32822975516319275,837.3763427734375,274.44830322265625,877.6563720703125,377.457763671875
26501,lobelia4cosmetics,bottle,0.2891218066215515,880.32763671875,271.4217224121094,932.39697265625,376.4198303222656
26502,lobelia4cosmetics,bottle,0.7406824231147766,267.17352294921875,95.38633728027344,427.3403625488281,533.64306640625
26503,lobelia4cosmetics,orange,0.8506796360015869,630.7481689453125,811.576416015625,824.5775146484375,1007.31298828125
26503,lobelia4cosmetics,orange,0.7533296942710876,738.3533935546875,773.744873046875,902.6317138671875,962.40380859375
26503,lobelia4cosmetics,bowl,0.4617130756378174,218.583984375,541.3004150390625,765.17041015625,919.0472412109375
26503,lobelia4cosmetics,dining table,0.42860519886016846,0.1676025390625,118.4072265625,1029.0,1273.3876953125
26504,lobelia4cosmetics,cup,0.3540230989456177,50.65874099731445,7.813070774078369,305.46197509765625,507.5008850097656
26505,lobelia4cosmetics,book,0.2522209882736206,29.193218231201172,17.369062423706055,421.3279113769531,398.4606628417969
26506,lobelia4cosmetics,bottle,0.6432711482048035,232.20440673828125,9.14892578125,712.4359741210938,1259.5068359375
26506,lobelia4cosmetics,bottle,0.6279256343841553,828.0302734375,50.406005859375,870.451171875,156.49554443359375
26506,lobelia4cosmetics,bottle,0.4022105634212494,876.53857421875,44.679840087890625,922.6064453125,152.6920166015625
26506,lobelia4cosmetics,bottle,0.35633373260498047,773.9694213867188,55.02302932739258,817.3378295898438,159.8030548095703
26506,lobelia4cosmetics,bottle,0.34715956449508667,6.947397232055664,112.83563232421875,62.554527282714844,266.1125793457031
26506,lobelia4cosmetics,bottle,0.34498903155326843,172.46524047851562,441.74468994140625,221.51522827148438,557.8607177734375
26506,lobelia4cosmetics,bottle,0.3412441909313202,830.2018432617188,251.86985778808594,864.3855590820312,341.597900390625
26506,lobelia4cosmetics,bottle,0.31475797295570374,898.35888671875,225.75823974609375,951.606201171875,332.570068359375
26506,lobelia4cosmetics,bottle,0.26920053362846375,869.390869140625,687.1483154296875,927.52490234375,806.6231689453125
26506,lobelia4cosmetics,bottle,0.2691819667816162,0.0,116.6864242553711,32.07740020751953,263.1500549316406
26506,lobelia4cosmetics,bottle,0.263394832611084,57.69188690185547,140.5716552734375,99.58318328857422,272.43389892578125
26508,lobelia4cosmetics,orange,0.317770779132843,96.3026123046875,780.39111328125,337.025146484375,1195.416015625
26508,lobelia4cosmetics,teddy bear,0.27108606696128845,390.94012451171875,844.9608154296875,525.5712280273438,1067.3704833984375
26509,lobelia4cosmetics,fork,0.8577804565429688,367.401123046875,747.6116333007812,643.4999389648438,975.0227661132812
26509,lobelia4cosmetics,cup,0.49490147829055786,243.9123992919922,447.5269775390625,556.2078247070312,704.5070190429688
26509,lobelia4cosmetics,knife,0.4440270960330963,430.9764709472656,799.9642944335938,712.3184814453125,982.8504028320312
26512,lobelia4cosmetics,sports ball,0.3680322468280792,241.0848388671875,193.33123779296875,284.43206787109375,236.75033569335938
26512,lobelia4cosmetics,sports ball,0.2993013560771942,98.15361022949219,385.38006591796875,159.18467712402344,447.1051025390625
26513,lobelia4cosmetics,bottle,0.3434661328792572,667.7227783203125,0.75555419921875,709.3499755859375,109.10334014892578
26513,lobelia4cosmetics,bottle,0.33341076970100403,584.0501708984375,14.355911254882812,624.4754638671875,110.16160583496094
26513,lobelia4cosmetics,bottle,0.31239333748817444,520.158447265625,18.619590759277344,557.750244140625,111.1708755493164
26513,lobelia4cosmetics,bottle,0.3123314380645752,621.2799072265625,0.6212158203125,673.82177734375,116.39356994628906
26513,lobelia4cosmetics,orange,0.2799651324748993,610.9723510742188,134.73321533203125,738.9463500976562,335.30242919921875
26514,lobelia4cosmetics,bottle,0.3352726697921753,2.4143600463867188,124.33849334716797,35.383201599121094,265.4906005859375
26514,lobelia4cosmetics,bottle,0.2959882616996765,925.340576171875,391.654541015625,959.63037109375,515.1318359375
26516,lobelia4cosmetics,bottle,0.5097295641899109,689.720947265625,0.2459716796875,736.990478515625,93.40308380126953
26516,lobelia4cosmetics,bottle,0.5074439644813538,783.598876953125,0.0482940673828125,826.23046875,91.72755432128906
26516,lobelia4cosmetics,dining table,0.4608907401561737,2.0806884765625,772.5469360351562,960.0,1279.271484375
26516,lobelia4cosmetics,bottle,0.423902690410614,648.9219360351562,0.5999069213867188,689.9605102539062,95.6590347290039
26516,lobelia4cosmetics,bottle,0.42066624760627747,888.2030029296875,160.43667602539062,937.0675048828125,267.00714111328125
26516,lobelia4cosmetics,cup,0.368380069732666,260.9886474609375,857.202392578125,554.4838256835938,1167.5164794921875
26516,lobelia4cosmetics,bottle,0.33850017189979553,888.970947265625,334.83660888671875,935.8017578125,436.97943115234375
26516,lobelia4cosmetics,bottle,0.32597285509109497,931.8386840820312,302.584228515625,959.7600708007812,440.9925537109375
26516,lobelia4cosmetics,bottle,0.3151760697364807,733.2954711914062,0.485107421875,784.5596313476562,95.58830261230469
26516,lobelia4cosmetics,bottle,0.31241104006767273,879.3026123046875,0.29508209228515625,941.33203125,96.66844940185547
26516,lobelia4cosmetics,bottle,0.2992859482765198,7.249412536621094,58.50520324707031,51.397804260253906,195.10513305664062
26516,lobelia4cosmetics,bottle,0.29021596908569336,849.2608642578125,161.43923950195312,889.9561767578125,270.02337646484375
26517,lobelia4cosmetics,person,0.31169021129608154,399.14056396484375,680.0504760742188,494.915283203125,997.1284790039062
26518,lobelia4cosmetics,person,0.7034511566162109,701.077392578125,595.0259399414062,913.80224609375,853.6665649414062
26518,lobelia4cosmetics,person,0.6184198260307312,873.916748046875,582.16796875,1029.321044921875,874.9130859375
26521,lobelia4cosmetics,dining table,0.34008538722991943,0.0,0.0,575.9910278320312,786.3870849609375
26523,lobelia4cosmetics,dining table,0.43784499168395996,9.632247924804688,3.0180649757385254,384.0256652832031,433.99169921875
26524,lobelia4cosmetics,bottle,0.30372926592826843,479.1022033691406,442.8751220703125,747.6180419921875,1137.7412109375
26524,lobelia4cosmetics,traffic light,0.3027338683605194,1.80816650390625,39.3900146484375,232.4337158203125,1081.24853515625
26526,lobelia4cosmetics,person,0.889441728591919,541.1115112304688,590.8636474609375,857.4153442382812,978.1982421875
26526,lobelia4cosmetics,person,0.7643927335739136,732.390625,577.517822265625,914.30419921875,879.9658203125
26526,lobelia4cosmetics,person,0.5230595469474792,863.7679443359375,562.8499145507812,994.0035400390625,928.6627807617188
26527,lobelia4cosmetics,person,0.8004418611526489,488.208984375,496.9163818359375,680.0816650390625,838.2071533203125
26528,lobelia4cosmetics,bottle,0.8742003440856934,244.28225708007812,39.9254150390625,800.59228515625,1234.4244384765625
26528,lobelia4cosmetics,dining table,0.3456086218357086,0.50775146484375,953.5732421875,924.8082885742188,1278.644287109375
26528,lobelia4cosmetics,bottle,0.32822975516319275,837.3763427734375,274.44830322265625,877.6563720703125,377.457763671875
26528,lobelia4cosmetics,bottle,0.2891218066215515,880.32763671875,271.4217224121094,932.39697265625,376.4198303222656
26529,lobelia4cosmetics,orange,0.317770779132843,96.3026123046875,780.39111328125,337.025146484375,1195.416015625
26529,lobelia4cosmetics,teddy bear,0.27108606696128845,390.94012451171875,844.9608154296875,525.5712280273438,1067.3704833984375
26530,lobelia4cosmetics,bottle,0.7439771294593811,266.73760986328125,95.48483276367188,427.2283020019531,533.5405883789062
26531,lobelia4cosmetics,bottle,0.9058476090431213,490.2796936035156,299.176025390625,783.4031982421875,1126.25732421875
26533,lobelia4cosmetics,refrigerator,0.38142117857933044,56.02351760864258,28.060911178588867,801.1201171875,1121.6783447265625
26534,lobelia4cosmetics,person,0.6775979995727539,433.271728515625,94.09092712402344,602.7689819335938,356.2571716308594
26534,lobelia4cosmetics,stop sign,0.2887904644012451,118.91364288330078,158.5073699951172,498.2436828613281,518.40771484375
26536,lobelia4cosmetics,clock,0.27083978056907654,125.29449462890625,31.322250366210938,689.9140014648438,784.9113159179688
26537,lobelia4cosmetics,bottle,0.47497889399528503,395.4141540527344,206.40689086914062,773.2745361328125,1006.6614990234375
26537,lobelia4cosmetics,book,0.2567864954471588,9.60382080078125,1151.505615234375,843.3164672851562,1272.713623046875
26538,lobelia4cosmetics,cup,0.3540230989456177,50.65874099731445,7.813070774078369,305.46197509765625,507.5008850097656
26539,lobelia4cosmetics,bottle,0.8124322891235352,690.766845703125,754.092529296875,1341.341064453125,2017.189208984375
26540,lobelia4cosmetics,bottle,0.34481969475746155,175.29931640625,36.7412109375,744.0966796875,1190.906982421875
26543,lobelia4cosmetics,orange,0.480479896068573,570.0540771484375,687.0138549804688,708.7830810546875,815.9224243164062
26544,lobelia4cosmetics,book,0.2760385274887085,407.578125,80.51043701171875,885.660888671875,400.6038818359375
26546,lobelia4cosmetics,fork,0.8577804565429688,367.401123046875,747.6116333007812,643.4999389648438,975.0227661132812
26546,lobelia4cosmetics,cup,0.49490147829055786,243.9123992919922,447.5269775390625,556.2078247070312,704.5070190429688
26546,lobelia4cosmetics,knife,0.4440270960330963,430.9764709472656,799.9642944335938,712.3184814453125,982.8504028320312
26549,lobelia4cosmetics,person,0.6775979995727539,433.271728515625,94.09092712402344,602.7689819335938,356.2571716308594
26549,lobelia4cosmetics,stop sign,0.2887904644012451,118.91364288330078,158.5073699951172,498.2436828613281,518.40771484375
26551,lobelia4cosmetics,sports ball,0.3680322468280792,241.0848388671875,193.33123779296875,284.43206787109375,236.75033569335938
26551,lobelia4cosmetics,sports ball,0.2993013560771942,98.15361022949219,385.38006591796875,159.18467712402344,447.1051025390625
26552,lobelia4cosmetics,bottle,0.25242725014686584,17.333375930786133,0.0,195.1170196533203,424.6109924316406
26553,lobelia4cosmetics,book,0.29323312640190125,0.0,141.02740478515625,45.24971008300781,269.43292236328125
26553,lobelia4cosmetics,bottle,0.28239497542381287,946.8756103515625,86.64578247070312,989.5758056640625,173.36929321289062
26553,lobelia4cosmetics,refrigerator,0.275532066822052,179.91400146484375,107.518310546875,874.5917358398438,1273.59423828125
26553,lobelia4cosmetics,bottle,0.26941102743148804,1034.399169921875,49.34714126586914,1086.67724609375,165.60018920898438
26554,lobelia4cosmetics,refrigerator,0.38142117857933044,56.02351760864258,28.060911178588867,801.1201171875,1121.6783447265625
26555,lobelia4cosmetics,bottle,0.4262688159942627,321.3703308105469,14.9600830078125,955.864501953125,1252.321044921875
26558,lobelia4cosmetics,bottle,0.2724870443344116,257.4488525390625,17.8671875,769.9320068359375,1137.7542724609375
26562,lobelia4cosmetics,bottle,0.861930787563324,587.351806640625,279.031982421875,1464.307373046875,2324.48681640625
26566,lobelia4cosmetics,cup,0.3540230989456177,50.65874099731445,7.813070774078369,305.46197509765625,507.5008850097656
26568,lobelia4cosmetics,bottle,0.6432711482048035,232.20440673828125,9.14892578125,712.4359741210938,1259.5068359375
26568,lobelia4cosmetics,bottle,0.6279256343841553,828.0302734375,50.406005859375,870.451171875,156.49554443359375
26568,lobelia4cosmetics,bottle,0.4022105634212494,876.53857421875,44.679840087890625,922.6064453125,152.6920166015625
26568,lobelia4cosmetics,bottle,0.35633373260498047,773.9694213867188,55.02302932739258,817.3378295898438,159.8030548095703
26568,lobelia4cosmetics,bottle,0.34715956449508667,6.947397232055664,112.83563232421875,62.554527282714844,266.1125793457031
26568,lobelia4cosmetics,bottle,0.34498903155326843,172.46524047851562,441.74468994140625,221.51522827148438,557.8607177734375
26568,lobelia4cosmetics,bottle,0.3412441909313202,830.2018432617188,251.86985778808594,864.3855590820312,341.597900390625
26568,lobelia4cosmetics,bottle,0.31475797295570374,898.35888671875,225.75823974609375,951.606201171875,332.570068359375
26568,lobelia4cosmetics,bottle,0.26920053362846375,869.390869140625,687.1483154296875,927.52490234375,806.6231689453125
26568,lobelia4cosmetics,bottle,0.2691819667816162,0.0,116.6864242553711,32.07740020751953,263.1500549316406
26568,lobelia4cosmetics,bottle,0.263394832611084,57.69188690185547,140.5716552734375,99.58318328857422,272.43389892578125
26571,lobelia4cosmetics,bottle,0.669510006904602,352.197998046875,221.3321533203125,716.599609375,1097.9608154296875
26571,lobelia4cosmetics,vase,0.6104034185409546,352.219970703125,231.3671875,716.89208984375,1088.046875
26572,lobelia4cosmetics,bottle,0.4642634987831116,559.5980224609375,16.63898468017578,597.1768798828125,98.92887878417969
26573,lobelia4cosmetics,bottle,0.5730149745941162,717.74951171875,71.77542114257812,759.609130859375,183.12741088867188
26573,lobelia4cosmetics,bottle,0.5491278171539307,187.76019287109375,228.61526489257812,733.1355590820312,1194.77880859375
26573,lobelia4cosmetics,bottle,0.38226318359375,678.1184692382812,58.74488830566406,724.7109985351562,187.66244506835938
26573,lobelia4cosmetics,bottle,0.296975702047348,0.0,185.65966796875,29.457088470458984,299.8669738769531
26574,lobelia4cosmetics,book,0.47957566380500793,412.442138671875,186.7926025390625,741.1339111328125,953.6376953125
26574,lobelia4cosmetics,book,0.39020106196403503,0.0,3.53070068359375,747.935302734375,996.4402465820312
26575,lobelia4cosmetics,bottle,0.3253207206726074,808.23779296875,53.36513900756836,861.845947265625,175.3741455078125
26576,lobelia4cosmetics,bottle,0.4999057948589325,777.8072509765625,8.532928466796875,826.352294921875,120.98956298828125
26577,lobelia4cosmetics,refrigerator,0.42145800590515137,1.75274658203125,13.8798828125,802.4527587890625,1244.480224609375
26577,lobelia4cosmetics,bottle,0.25736796855926514,0.03247833251953125,280.8047180175781,76.67253112792969,438.3838195800781
26578,lobelia4cosmetics,bottle,0.6770157217979431,318.771728515625,15.277099609375,635.9862670898438,1254.535888671875
26581,lobelia4cosmetics,bottle,0.4822954833507538,707.708984375,18.83819580078125,751.4788818359375,130.21678161621094
26581,lobelia4cosmetics,bottle,0.47251272201538086,178.45977783203125,49.773681640625,742.9505004882812,1216.319580078125
26581,lobelia4cosmetics,bottle,0.43178790807724,114.98827362060547,375.00885009765625,163.85064697265625,520.0479736328125
26581,lobelia4cosmetics,bottle,0.27132710814476013,754.4447631835938,21.62164306640625,812.7527465820312,134.6005859375
26582,lobelia4cosmetics,bottle,0.5668651461601257,701.0379638671875,11.5916748046875,747.2423095703125,121.75630187988281
26582,lobelia4cosmetics,bottle,0.37785661220550537,90.81771850585938,345.4354248046875,145.03848266601562,489.43115234375
26582,lobelia4cosmetics,bottle,0.2698684334754944,0.10836410522460938,333.3031005859375,43.50867462158203,499.2672119140625
26582,lobelia4cosmetics,bottle,0.2639971971511841,666.5106811523438,23.403457641601562,708.0790405273438,117.63008117675781
26582,lobelia4cosmetics,bottle,0.25665321946144104,747.5119018554688,16.208465576171875,807.6665649414062,125.92955017089844
26583,lobelia4cosmetics,book,0.2522209882736206,29.193218231201172,17.369062423706055,421.3279113769531,398.4606628417969
26584,lobelia4cosmetics,cell phone,0.4421606957912445,155.3221435546875,426.6890869140625,842.5526123046875,1190.2257080078125
26584,lobelia4cosmetics,donut,0.41135257482528687,522.2127685546875,470.3038635253906,776.7247314453125,725.1072998046875
26585,lobelia4cosmetics,fork,0.8577804565429688,367.401123046875,747.6116333007812,643.4999389648438,975.0227661132812
26585,lobelia4cosmetics,cup,0.49490147829055786,243.9123992919922,447.5269775390625,556.2078247070312,704.5070190429688
26585,lobelia4cosmetics,knife,0.4440270960330963,430.9764709472656,799.9642944335938,712.3184814453125,982.8504028320312
26588,lobelia4cosmetics,sports ball,0.3680322468280792,241.0848388671875,193.33123779296875,284.43206787109375,236.75033569335938
26588,lobelia4cosmetics,sports ball,0.2993013560771942,98.15361022949219,385.38006591796875,159.18467712402344,447.1051025390625
26589,lobelia4cosmetics,person,0.6775979995727539,433.271728515625,94.09092712402344,602.7689819335938,356.2571716308594
26589,lobelia4cosmetics,stop sign,0.2887904644012451,118.91364288330078,158.5073699951172,498.2436828613281,518.40771484375
26591,lobelia4cosmetics,clock,0.27083978056907654,125.29449462890625,31.322250366210938,689.9140014648438,784.9113159179688
26592,lobelia4cosmetics,bottle,0.30372926592826843,479.1022033691406,442.8751220703125,747.6180419921875,1137.7412109375
26592,lobelia4cosmetics,traffic light,0.3027338683605194,1.80816650390625,39.3900146484375,232.4337158203125,1081.24853515625
26593,lobelia4cosmetics,bottle,0.593852698802948,99.41783905029297,181.266845703125,267.6778869628906,609.8657836914062
26595,lobelia4cosmetics,orange,0.317770779132843,96.3026123046875,780.39111328125,337.025146484375,1195.416015625
26595,lobelia4cosmetics,teddy bear,0.27108606696128845,390.94012451171875,844.9608154296875,525.5712280273438,1067.3704833984375
26596,lobelia4cosmetics,bottle,0.9058476090431213,490.2796936035156,299.176025390625,783.4031982421875,1126.25732421875
26597,lobelia4cosmetics,person,0.8004418611526489,488.208984375,496.9163818359375,680.0816650390625,838.2071533203125
26598,lobelia4cosmetics,bottle,0.7406824231147766,267.17352294921875,95.38633728027344,427.3403625488281,533.64306640625
26599,lobelia4cosmetics,bottle,0.5097295641899109,689.720947265625,0.2459716796875,736.990478515625,93.40308380126953
26599,lobelia4cosmetics,bottle,0.5074439644813538,783.598876953125,0.0482940673828125,826.23046875,91.72755432128906
26599,lobelia4cosmetics,dining table,0.4608907401561737,2.0806884765625,772.5469360351562,960.0,1279.271484375
26599,lobelia4cosmetics,bottle,0.423902690410614,648.9219360351562,0.5999069213867188,689.9605102539062,95.6590347290039
26599,lobelia4cosmetics,bottle,0.42066624760627747,888.2030029296875,160.43667602539062,937.0675048828125,267.00714111328125
26599,lobelia4cosmetics,cup,0.368380069732666,260.9886474609375,857.202392578125,554.4838256835938,1167.5164794921875
26599,lobelia4cosmetics,bottle,0.33850017189979553,888.970947265625,334.83660888671875,935.8017578125,436.97943115234375
26599,lobelia4cosmetics,bottle,0.32597285509109497,931.8386840820312,302.584228515625,959.7600708007812,440.9925537109375
26599,lobelia4cosmetics,bottle,0.3151760697364807,733.2954711914062,0.485107421875,784.5596313476562,95.58830261230469
26599,lobelia4cosmetics,bottle,0.31241104006767273,879.3026123046875,0.29508209228515625,941.33203125,96.66844940185547
26599,lobelia4cosmetics,bottle,0.2992859482765198,7.249412536621094,58.50520324707031,51.397804260253906,195.10513305664062
26599,lobelia4cosmetics,bottle,0.29021596908569336,849.2608642578125,161.43923950195312,889.9561767578125,270.02337646484375
26600,lobelia4cosmetics,person,0.31169021129608154,399.14056396484375,680.0504760742188,494.915283203125,997.1284790039062
26601,lobelia4cosmetics,bottle,0.4262688159942627,321.3703308105469,14.9600830078125,955.864501953125,1252.321044921875
26604,lobelia4cosmetics,bottle,0.2724870443344116,257.4488525390625,17.8671875,769.9320068359375,1137.7542724609375
26606,lobelia4cosmetics,bottle,0.676772952079773,327.68194580078125,180.1707763671875,677.5797729492188,1114.7955322265625
26607,lobelia4cosmetics,bottle,0.7880789041519165,229.58070373535156,2.253173828125,731.1346435546875,1242.71240234375
26607,lobelia4cosmetics,bottle,0.555424153804779,664.0750122070312,46.01141357421875,707.0294799804688,154.83213806152344
26607,lobelia4cosmetics,bottle,0.37848082184791565,758.8128662109375,29.953155517578125,803.3311767578125,151.35916137695312
26607,lobelia4cosmetics,bottle,0.36519327759742737,632.38330078125,189.65911865234375,681.772216796875,321.51641845703125
26607,lobelia4cosmetics,bottle,0.3564133048057556,776.74951171875,208.9524383544922,817.927734375,312.32525634765625
26607,lobelia4cosmetics,bottle,0.3382728397846222,708.600341796875,49.70072555541992,759.9625244140625,153.0294952392578
26607,lobelia4cosmetics,bottle,0.3041026294231415,545.029296875,65.60304260253906,594.368896484375,163.907958984375
26607,lobelia4cosmetics,bottle,0.29879939556121826,628.3040161132812,56.680362701416016,668.5029907226562,157.31982421875
26611,lobelia4cosmetics,bottle,0.861930787563324,587.351806640625,279.031982421875,1464.307373046875,2324.48681640625
26612,lobelia4cosmetics,book,0.29323312640190125,0.0,141.02740478515625,45.24971008300781,269.43292236328125
26612,lobelia4cosmetics,bottle,0.28239497542381287,946.8756103515625,86.64578247070312,989.5758056640625,173.36929321289062
26612,lobelia4cosmetics,refrigerator,0.275532066822052,179.91400146484375,107.518310546875,874.5917358398438,1273.59423828125
26612,lobelia4cosmetics,bottle,0.26941102743148804,1034.399169921875,49.34714126586914,1086.67724609375,165.60018920898438
26613,lobelia4cosmetics,book,0.28602465987205505,146.83453369140625,173.88687133789062,783.8518676757812,1107.6795654296875
26613,lobelia4cosmetics,cup,0.26751837134361267,144.4930419921875,171.55172729492188,771.58056640625,1076.119140625
26614,lobelia4cosmetics,cup,0.4485996961593628,145.890625,201.05712890625,737.6036376953125,1080.790771484375
26614,lobelia4cosmetics,bottle,0.28690388798713684,23.0037841796875,282.95947265625,726.1163330078125,1278.955810546875
26615,lobelia4cosmetics,bottle,0.3434661328792572,667.7227783203125,0.75555419921875,709.3499755859375,109.10334014892578
26615,lobelia4cosmetics,bottle,0.33341076970100403,584.0501708984375,14.355911254882812,624.4754638671875,110.16160583496094
26615,lobelia4cosmetics,bottle,0.31239333748817444,520.158447265625,18.619590759277344,557.750244140625,111.1708755493164
26615,lobelia4cosmetics,bottle,0.3123314380645752,621.2799072265625,0.6212158203125,673.82177734375,116.39356994628906
26615,lobelia4cosmetics,orange,0.2799651324748993,610.9723510742188,134.73321533203125,738.9463500976562,335.30242919921875
26616,lobelia4cosmetics,bottle,0.3352726697921753,2.4143600463867188,124.33849334716797,35.383201599121094,265.4906005859375
26616,lobelia4cosmetics,bottle,0.2959882616996765,925.340576171875,391.654541015625,959.63037109375,515.1318359375
26617,lobelia4cosmetics,refrigerator,0.5083404779434204,293.33563232421875,272.5244445800781,624.1773071289062,1142.859130859375
26617,lobelia4cosmetics,bottle,0.44450610876083374,77.49189758300781,16.94183349609375,126.84495544433594,170.3689422607422
26617,lobelia4cosmetics,bottle,0.39759746193885803,770.0847778320312,591.4251708984375,821.0726928710938,702.489013671875
26617,lobelia4cosmetics,dining table,0.29881492257118225,0.0,820.706787109375,959.8870849609375,1278.032958984375
26617,lobelia4cosmetics,bottle,0.2925155758857727,64.01324462890625,374.0242919921875,90.69033813476562,460.7550048828125
26617,lobelia4cosmetics,bottle,0.27987414598464966,770.3819580078125,305.1559753417969,813.9390869140625,397.0281677246094
26617,lobelia4cosmetics,bottle,0.27502018213272095,296.12060546875,232.6114501953125,624.8876342773438,1152.42236328125
26617,lobelia4cosmetics,bottle,0.2587212324142456,676.37890625,586.122314453125,723.561279296875,696.873779296875
26618,lobelia4cosmetics,bottle,0.4822954833507538,707.708984375,18.83819580078125,751.4788818359375,130.21678161621094
26618,lobelia4cosmetics,bottle,0.47251272201538086,178.45977783203125,49.773681640625,742.9505004882812,1216.319580078125
26618,lobelia4cosmetics,bottle,0.43178790807724,114.98827362060547,375.00885009765625,163.85064697265625,520.0479736328125
26618,lobelia4cosmetics,bottle,0.27132710814476013,754.4447631835938,21.62164306640625,812.7527465820312,134.6005859375
26619,lobelia4cosmetics,bottle,0.5668651461601257,701.0379638671875,11.5916748046875,747.2423095703125,121.75630187988281
26619,lobelia4cosmetics,bottle,0.37785661220550537,90.81771850585938,345.4354248046875,145.03848266601562,489.43115234375
26619,lobelia4cosmetics,bottle,0.2698684334754944,0.10836410522460938,333.3031005859375,43.50867462158203,499.2672119140625
26619,lobelia4cosmetics,bottle,0.2639971971511841,666.5106811523438,23.403457641601562,708.0790405273438,117.63008117675781
26619,lobelia4cosmetics,bottle,0.25665321946144104,747.5119018554688,16.208465576171875,807.6665649414062,125.92955017089844
26620,lobelia4cosmetics,bottle,0.4369507133960724,627.6997680664062,22.050460815429688,675.0075073242188,138.063720703125
26621,lobelia4cosmetics,bottle,0.5032001733779907,666.2191772460938,14.980304718017578,712.5404663085938,127.56620788574219
26621,lobelia4cosmetics,bottle,0.3454025387763977,550.6400756835938,36.66929626464844,593.7678833007812,133.96627807617188
26621,lobelia4cosmetics,bottle,0.31947076320648193,80.13859558105469,367.90985107421875,127.03849792480469,514.8387451171875
26622,lobelia4cosmetics,bottle,0.5096045732498169,620.421875,18.179718017578125,667.406494140625,129.88291931152344
26622,lobelia4cosmetics,bottle,0.35211312770843506,587.541259765625,30.296768188476562,629.32568359375,128.25579833984375
26623,lobelia4cosmetics,bottle,0.6109323501586914,729.250244140625,59.09686279296875,774.19482421875,171.26145935058594
26623,lobelia4cosmetics,bottle,0.3555757403373718,614.3453369140625,76.70611572265625,655.8472900390625,174.387939453125
26623,lobelia4cosmetics,bottle,0.3350639045238495,829.16845703125,49.737579345703125,874.50146484375,170.40921020507812
26623,lobelia4cosmetics,bottle,0.3286583721637726,98.05577087402344,394.23651123046875,147.5146026611328,548.2946166992188
26623,lobelia4cosmetics,bottle,0.2876706123352051,840.6187744140625,232.2177276611328,884.3699951171875,339.16802978515625
26623,lobelia4cosmetics,bottle,0.2857910394668579,257.845947265625,225.9102783203125,307.342041015625,331.29052734375
26623,lobelia4cosmetics,bottle,0.28018510341644287,573.6971435546875,81.380126953125,613.6663818359375,178.57843017578125
26623,lobelia4cosmetics,bottle,0.26857131719589233,773.9610595703125,65.09994506835938,834.3798828125,171.817626953125
26623,lobelia4cosmetics,bottle,0.2674810588359833,63.32772445678711,635.3518676757812,119.962890625,779.1817016601562
26624,lobelia4cosmetics,bottle,0.3789410889148712,175.07777404785156,23.482666015625,579.8758544921875,1190.152587890625
26624,lobelia4cosmetics,cake,0.285519003868103,172.3634033203125,21.512939453125,577.9713134765625,1270.082763671875
26629,lobelia4cosmetics,cup,0.7179240584373474,255.8875732421875,660.9248046875,539.6890869140625,892.59130859375
26629,lobelia4cosmetics,cup,0.38508638739585876,539.282958984375,780.0889892578125,988.147705078125,1138.97216796875
26629,lobelia4cosmetics,book,0.29399362206459045,97.92221069335938,1084.13916015625,899.1966552734375,1279.63818359375
26632,lobelia4cosmetics,book,0.2522209882736206,29.193218231201172,17.369062423706055,421.3279113769531,398.4606628417969
26633,lobelia4cosmetics,fork,0.8577804565429688,367.401123046875,747.6116333007812,643.4999389648438,975.0227661132812
26633,lobelia4cosmetics,cup,0.49490147829055786,243.9123992919922,447.5269775390625,556.2078247070312,704.5070190429688
26633,lobelia4cosmetics,knife,0.4440270960330963,430.9764709472656,799.9642944335938,712.3184814453125,982.8504028320312
26636,lobelia4cosmetics,sports ball,0.3680322468280792,241.0848388671875,193.33123779296875,284.43206787109375,236.75033569335938
26636,lobelia4cosmetics,sports ball,0.2993013560771942,98.15361022949219,385.38006591796875,159.18467712402344,447.1051025390625
26637,lobelia4cosmetics,bottle,0.4262688159942627,321.3703308105469,14.9600830078125,955.864501953125,1252.321044921875
26640,lobelia4cosmetics,bottle,0.2724870443344116,257.4488525390625,17.8671875,769.9320068359375,1137.7542724609375
26642,lobelia4cosmetics,person,0.6775979995727539,433.271728515625,94.09092712402344,602.7689819335938,356.2571716308594
26642,lobelia4cosmetics,stop sign,0.2887904644012451,118.91364288330078,158.5073699951172,498.2436828613281,518.40771484375
196134,tikvahpharma,bowl,0.36444222927093506,358.4425964355469,161.61614990234375,524.929443359375,285.41522216796875
196141,tikvahpharma,laptop,0.9521929025650024,505.1883544921875,544.2171630859375,773.653076171875,809.3001708984375
196141,tikvahpharma,laptop,0.9129306077957153,998.66064453125,240.2158203125,1209.543701171875,372.8248291015625
196141,tikvahpharma,tv,0.8286504745483398,513.1905517578125,76.13118743896484,678.9658203125,202.78079223632812
196141,tikvahpharma,person,0.8244497776031494,813.0792846679688,81.7484130859375,1279.414306640625,484.16094970703125
196141,tikvahpharma,tv,0.8070921897888184,1109.738037109375,116.05853271484375,1245.891357421875,235.78155517578125
196141,tikvahpharma,person,0.416889488697052,999.90966796875,292.88507080078125,1279.407958984375,481.18499755859375
196141,tikvahpharma,keyboard,0.30703702569007874,50.61114501953125,656.306396484375,241.60159301757812,764.0291748046875
196142,tikvahpharma,laptop,0.7089235186576843,244.99917602539062,200.60333251953125,1028.682373046875,1003.1363525390625
196157,tikvahpharma,bowl,0.4237266480922699,135.41461181640625,103.9425048828125,302.51239013671875,226.19488525390625
196157,tikvahpharma,book,0.3294396996498108,0.487060546875,38.28125,846.68310546875,1277.508056640625
196164,tikvahpharma,book,0.2776492238044739,10.7421875,14.1190185546875,898.7933349609375,1239.6087646484375
196167,tikvahpharma,book,0.3467665910720825,2.9530029296875,586.954833984375,895.2843017578125,1263.54052734375
196169,tikvahpharma,book,0.25062114000320435,8.57550048828125,21.0989990234375,897.2990112304688,1167.3406982421875
196177,tikvahpharma,laptop,0.9521929025650024,505.1883544921875,544.2171630859375,773.653076171875,809.3001708984375
196177,tikvahpharma,laptop,0.9129306077957153,998.66064453125,240.2158203125,1209.543701171875,372.8248291015625
196177,tikvahpharma,tv,0.8286504745483398,513.1905517578125,76.13118743896484,678.9658203125,202.78079223632812
196177,tikvahpharma,person,0.8244497776031494,813.0792846679688,81.7484130859375,1279.414306640625,484.16094970703125
196177,tikvahpharma,tv,0.8070921897888184,1109.738037109375,116.05853271484375,1245.891357421875,235.78155517578125
196177,tikvahpharma,person,0.416889488697052,999.90966796875,292.88507080078125,1279.407958984375,481.18499755859375
196177,tikvahpharma,keyboard,0.30703702569007874,50.61114501953125,656.306396484375,241.60159301757812,764.0291748046875
196178,tikvahpharma,laptop,0.7089235186576843,244.99917602539062,200.60333251953125,1028.682373046875,1003.1363525390625
196207,tikvahpharma,laptop,0.9521929025650024,505.1883544921875,544.2171630859375,773.653076171875,809.3001708984375
196207,tikvahpharma,laptop,0.9129306077957153,998.66064453125,240.2158203125,1209.543701171875,372.8248291015625
196207,tikvahpharma,tv,0.8286504745483398,513.1905517578125,76.13118743896484,678.9658203125,202.78079223632812
196207,tikvahpharma,person,0.8244497776031494,813.0792846679688,81.7484130859375,1279.414306640625,484.16094970703125
196207,tikvahpharma,tv,0.8070921897888184,1109.738037109375,116.05853271484375,1245.891357421875,235.78155517578125
196207,tikvahpharma,person,0.416889488697052,999.90966796875,292.88507080078125,1279.407958984375,481.18499755859375
196207,tikvahpharma,keyboard,0.30703702569007874,50.61114501953125,656.306396484375,241.60159301757812,764.0291748046875
196211,tikvahpharma,bowl,0.4237266480922699,135.41461181640625,103.9425048828125,302.51239013671875,226.19488525390625
196211,tikvahpharma,book,0.3294396996498108,0.487060546875,38.28125,846.68310546875,1277.508056640625
196246,tikvahpharma,laptop,0.9521929025650024,505.1883544921875,544.2171630859375,773.653076171875,809.3001708984375
196246,tikvahpharma,laptop,0.9129306077957153,998.66064453125,240.2158203125,1209.543701171875,372.8248291015625
196246,tikvahpharma,tv,0.8286504745483398,513.1905517578125,76.13118743896484,678.9658203125,202.78079223632812
196246,tikvahpharma,person,0.8244497776031494,813.0792846679688,81.7484130859375,1279.414306640625,484.16094970703125
196246,tikvahpharma,tv,0.8070921897888184,1109.738037109375,116.05853271484375,1245.891357421875,235.78155517578125
196246,tikvahpharma,person,0.416889488697052,999.90966796875,292.88507080078125,1279.407958984375,481.18499755859375
196246,tikvahpharma,keyboard,0.30703702569007874,50.61114501953125,656.306396484375,241.60159301757812,764.0291748046875
196247,tikvahpharma,laptop,0.7089235186576843,244.99917602539062,200.60333251953125,1028.682373046875,1003.1363525390625
196268,tikvahpharma,bowl,0.36444222927093506,358.4425964355469,161.61614990234375,524.929443359375,285.41522216796875
196271,tikvahpharma,refrigerator,0.3357645273208618,73.7287368774414,0.0,1160.511474609375,696.6889038085938
196286,tikvahpharma,book,0.3336670696735382,23.558095932006836,0.0,517.2969970703125,356.3006286621094
196286,tikvahpharma,toothbrush,0.255535364151001,156.68870544433594,258.0213317871094,550.8527221679688,475.46746826171875
196288,tikvahpharma,bowl,0.36444222927093506,358.4425964355469,161.61614990234375,524.929443359375,285.41522216796875
196295,tikvahpharma,person,0.39225924015045166,592.8447265625,16.724340438842773,648.0880737304688,77.87316131591797
196295,tikvahpharma,sports ball,0.2974568009376526,593.2254028320312,16.985212326049805,647.333740234375,78.24002838134766
196312,tikvahpharma,refrigerator,0.3357645273208618,73.7287368774414,0.0,1160.511474609375,696.6889038085938
196313,tikvahpharma,laptop,0.7089235186576843,244.99917602539062,200.60333251953125,1028.682373046875,1003.1363525390625
196339,tikvahpharma,refrigerator,0.3357645273208618,73.7287368774414,0.0,1160.511474609375,696.6889038085938
196340,tikvahpharma,laptop,0.7089235186576843,244.99917602539062,200.60333251953125,1028.682373046875,1003.1363525390625
196344,tikvahpharma,tv,0.6953588128089905,516.9378051757812,348.5777282714844,633.0285034179688,449.59759521484375
196344,tikvahpharma,microwave,0.4358014166355133,248.376953125,434.48980712890625,367.8728332519531,538.1234130859375
196344,tikvahpharma,clock,0.27874693274497986,868.8305053710938,216.90553283691406,975.0823364257812,299.21795654296875
